sls_ord_num,sls_prd_key,sls_cust_id,sls_order_dt,sls_ship_dt,sls_due_dt,sls_sales,sls_quantity,sls_price
SO54001,0021,48,20200521,20200530,20200605,70,2,15
SO54002,0020,59,20231219,20231222,20231230,600,1,600
SO54003,0017,62,20220810,20220817,20220824,280,2,120
SO54004,0007,60,0,20230323,20230328,240,2,120
SO54005,0006,46,20240621,20240626,20240701,,2,600
SO54006,0006,11,20210509,20210516,20210521,135,3,45
SO54007,0000,12,20210825,20210829,20210905,225,5,45
SO54008,0016,45,20220521,20220530,20220531,450,2,250
SO54009,0010,16,20240301,20240310,20240308,45,1,45
SO54010,0024,68,20230507,20230512,20230513,,1,120
SO54011,0017,17,20210715,20210716,20210720,360,3,-120
SO54012,0015,14,20241122,20241123,20241206,500,2,250
SO54013,0008,62,20200821,20200823,20200901,30,2,15
SO54014,0018,39,20200623,20200627,20200629,750,3,250
SO54015,0016,49,20220711,20220719,20220720,750,3,250
SO54016,0023,13,20240411,20240415,20240426,120,1,-120
SO54017,0002,21,20200106,20200113,20200118,3000,5,
SO54018,0009,59,20200525,20200529,20200603,3000,5,600
SO54019,0017,29,0,20230822,20230828,15,1,15
SO54020,0018,37,20220618,20220620,20220630,600,5,120
SO54021,0015,57,20200613,20200623,20200618,240,2,
SO54022,0021,3,20240415,20240420,20240429,45,1,45
SO54023,0005,56,20230724,20230801,20230730,190,2,120
SO54024,0010,53,20231121,20231129,20231130,1250,5,250
SO54025,0010,33,20211024,20211026,20211104,45,3,15
SO54026,0006,67,20220110,20220120,20220122,1250,5,250
SO54027,0009,57,20231201,20231209,20231207,600,1,600
SO54028,0000,53,20200709,20200713,20200715,30,2,-15
SO54029,0009,66,20231215,20231220,20231226,500,2,250
SO54030,0019,66,20240308,20240311,20240314,500,2,250
SO54031,0000,37,20240126,20240131,20240209,750,3,250
SO54032,0010,70,20220211,20220219,20220221,45,1,45
SO54033,0001,41,20240305,20240313,20240316,90,2,
SO54034,0018,43,20241116,20241118,20241128,600,1,
SO54035,0020,20,20200602,20200610,20200611,1200,2,600
SO54036,0021,69,20220217,20220223,20220304,,5,
SO54037,0020,37,20210410,20210412,20210421,15,1,15
SO54038,0001,42,20240618,20240619,20240627,240,2,120
SO54039,0021,24,20201214,20201217,20201220,750,3,250
SO54040,0004,30,20220802,20220807,20220814,30,2,15
SO54041,0017,21,20200531,20200608,20200610,360,3,120
SO54042,0009,26,20220226,20220306,20220304,250,1,250
SO54043,0009,3,20240826,20240902,20240904,600,1,600
SO54044,0019,64,20240901,20240906,20240909,360,3,120
SO54045,0024,18,20230710,20230712,20230725,75,5,15
SO54046,0023,17,20200703,20200708,20200713,1250,5,-250
SO54047,0011,68,20221024,20221029,20221031,500,2,250
SO54048,0003,60,20200603,20200606,20200611,1250,5,250
SO54049,0012,2,20210625,20210704,20210701,240,2,120
SO54050,0020,48,20200809,20200813,20200821,600,1,600
SO54051,0007,9,202307,20230802,20230803,,5,
SO54052,0015,15,20200718,20200722,20200731,250,1,250
SO54053,0017,54,20230417,20230420,20230428,75,5,15
SO54054,0008,5,20231114,20231120,20231122,600,2,250
SO54055,0011,70,20230813,20230819,20230818,240,2,-120
SO54056,0014,12,20230919,20230923,20231004,3000,5,
SO54057,0004,27,20200520,20200529,20200528,135,3,45
SO54058,0019,1,20210721,20210724,20210728,360,3,-120
SO54059,0004,2,20220103,20220107,20220117,30,2,
SO54060,0016,15,20240307,20240309,20240319,240,2,-120
SO54061,0019,6,0,20240207,20240207,30,2,15
SO54062,0021,14,20221001,20221009,20221007,120,1,
SO54063,0020,42,20220219,20220301,20220304,500,2,250
SO54064,0003,28,20220530,20220607,20220607,240,2,120
SO54065,0010,55,0,20211007,20211012,200,1,250
SO54066,0023,48,20240720,20240723,20240802,600,1,600
SO54067,0013,46,20241124,20241201,20241129,1200,2,-600
SO54068,0004,62,202104,20210406,20210414,360,3,120
SO54069,0013,4,20230601,20230606,20230606,120,1,120
SO54070,0000,24,0,20241119,20241130,1250,5,250
SO54071,0002,68,20210316,20210323,20210327,240,2,120
SO54072,0018,11,20200417,20200420,20200424,45,3,15
SO54073,0015,57,20220428,20220503,20220506,45,3,-15
SO54074,0018,63,20221215,20221220,20221220,250,1,
SO54075,0006,18,0,20240419,20240423,30,2,15
SO54076,0012,69,0,20231216,20231225,,3,120
SO54077,0000,59,20200608,20200614,20200622,1200,2,600
SO54078,0012,3,202110,20211030,20211110,240,2,120
SO54079,0018,52,20221209,20221211,20221220,,2,120
SO54080,0020,15,20221222,20221231,20221230,240,2,120
SO54081,0007,14,20201026,20201031,20201103,,1,600
SO54082,0024,64,20220808,20220818,20220822,1200,2,600
SO54083,0020,41,20201105,20201113,20201111,500,2,250
SO54084,0011,65,0,20200605,20200612,,2,15
SO54085,0002,65,20220226,20220306,20220312,45,3,15
SO54086,0010,61,20221023,20221026,20221028,30,2,15
SO54087,0002,65,20230816,20230819,20230821,250,1,250
SO54088,0011,48,0,20210809,20210813,1200,2,600
SO54089,0010,13,20230216,20230223,20230225,1200,2,600
SO54090,0004,45,20210927,20211004,20211004,45,3,15
SO54091,0004,68,20200710,20200717,20200723,30,2,15
SO54092,0024,63,20210128,20210201,20210204,15,1,15
SO54093,0017,68,20200318,20200324,20200401,600,1,600
SO54094,0024,22,20240116,20240124,20240121,240,2,120
SO54095,0009,58,20210424,20210503,20210502,500,2,250
SO54096,0018,57,20220803,20220808,20220814,1800,3,600
SO54097,0019,18,20241122,20241127,20241127,1350,5,250
SO54098,0003,37,20200620,20200623,20200629,1200,2,600
SO54099,0007,58,20211216,20211217,20211227,250,1,250
SO54100,0011,29,20200227,20200304,20200304,600,5,-120
SO54101,0015,18,20240403,20240411,20240415,45,3,
SO54102,0004,68,202205,20220518,20220525,120,1,120
SO54103,0019,59,0,20200510,20200520,1800,3,600
SO54104,0004,38,20220529,20220530,20220612,90,2,45
SO54105,0016,47,20200518,20200527,20200531,1800,3,600
SO54106,0020,50,20220203,20220208,20220208,30,2,15
SO54107,0024,43,20200930,20201001,20201010,360,3,120
SO54108,0014,62,0,20230720,20230724,250,1,250
SO54109,0001,41,20210927,20211006,20211008,750,3,250
SO54110,0011,7,20241108,20241114,20241117,120,1,120
SO54111,0012,44,20210117,20210125,20210129,1200,2,
SO54112,0013,24,20230122,20230127,20230201,15,1,15
SO54113,0022,55,20201207,20201215,20201217,30,2,15
SO54114,0013,36,20230802,20230803,20230808,1250,5,250
SO54115,0000,19,202410,20241014,20241019,30,2,15
SO54116,0011,50,20230307,20230308,20230321,250,1,250
SO54117,0018,18,20221220,20221226,20221231,240,2,-120
SO54118,0015,67,20220303,20220312,20220309,240,2,120
SO54119,0022,63,20210213,20210215,20210220,250,1,250
SO54120,0021,41,20230929,20231005,20231005,1800,3,600
SO54121,0022,23,20240613,20240619,20240626,15,1,15
SO54122,0015,4,20220109,20220118,20220123,500,2,250
SO54123,0002,9,20210925,20211002,20211007,,3,250
SO54124,0010,10,202207,20220718,20220725,360,3,120
SO54125,0018,24,20240421,20240424,20240502,45,3,15
SO54126,0005,42,20231223,20231227,20240102,360,3,120
SO54127,0017,36,20200913,20200918,20200927,45,3,15
SO54128,0004,22,0,20230921,20230925,1300,2,600
SO54129,0024,34,20230826,20230830,20230909,1200,2,600
SO54130,0009,39,20220916,20220920,20221001,240,2,120
SO54131,0013,62,20220809,20220813,20220819,135,3,45
SO54132,0011,52,20200924,20200930,20201007,45,3,15
SO54133,0007,19,20200717,20200718,20200726,1200,2,600
SO54134,0010,41,20210123,20210126,20210204,,3,250
SO54135,0012,65,0,20220729,20220802,360,3,120
SO54136,0020,61,202108,20210817,20210813,250,1,250
SO54137,0012,47,20200402,20200409,20200407,,3,600
SO54138,0016,58,202404,20240423,20240423,1800,3,600
SO54139,0010,47,20240326,20240329,20240403,,3,
SO54140,0022,43,20240704,20240712,20240717,90,2,45
SO54141,0019,41,20201128,20201205,20201212,600,5,120
SO54142,0015,39,20220830,20220831,20220909,30,2,15
SO54143,0023,4,20230507,20230515,20230516,3000,5,600
SO54144,0005,68,0,20230722,20230723,-5,1,45
SO54145,0014,41,20220507,20220510,20220518,225,5,45
SO54146,0023,8,20231216,20231219,20231229,600,1,600
SO54147,0010,23,20220730,20220808,20220809,360,3,120
SO54148,0022,34,20230603,20230611,20230611,120,1,120
SO54149,0009,37,20231214,20231218,20231226,500,2,250
SO54150,0008,37,20200906,20200916,20200921,750,3,250
SO54151,0024,19,20210817,20210818,20210826,75,5,15
SO54152,0015,28,202102,20210226,20210226,360,3,120
SO54153,0007,7,0,20231012,20231011,225,5,45
SO54154,0003,18,20200111,20200120,20200118,500,2,250
SO54155,0010,37,20230815,20230816,20230821,3000,5,600
SO54156,0001,23,20220505,20220508,20220510,500,2,250
SO54157,0009,5,20200119,20200124,20200202,45,3,15
SO54158,0020,70,20221209,20221217,20221216,750,3,250
SO54159,0023,59,20230820,20230825,20230827,120,1,120
SO54160,0005,52,20240820,20240827,20240902,30,2,
SO54161,0015,42,20210523,20210524,20210601,90,2,45
SO54162,0018,2,20210619,20210625,20210627,15,1,-15
SO54163,0022,40,20231114,20231116,20231129,190,2,120
SO54164,0014,48,20220501,20220510,20220513,135,3,45
SO54165,0002,68,202207,20220712,20220713,600,1,600
SO54166,0006,69,202011,20201105,20201112,750,3,250
SO54167,0002,66,20220701,20220702,20220713,600,1,600
SO54168,0021,40,20240121,20240122,20240201,,2,15
SO54169,0011,9,20230113,20230114,20230119,130,2,15
SO54170,0023,54,202202,20220212,20220217,500,2,250
SO54171,0004,45,202008,20200902,20200912,1200,2,600
SO54172,0024,3,20210903,20210911,20210918,3000,5,600
SO54173,0014,45,0,20201118,20201121,75,5,15
SO54174,0000,31,20210226,20210228,20210304,45,3,15
SO54175,0007,6,20220403,20220411,20220411,135,3,45
SO54176,0009,30,20240728,20240807,20240807,1800,3,600
SO54177,0004,67,20210328,20210404,20210406,30,2,15
SO54178,0005,55,20230212,20230220,20230217,500,2,250
SO54179,0004,39,20220209,20220212,20220222,90,2,45
SO54180,0014,8,202302,20230304,20230308,1800,3,600
SO54181,0020,11,0,20220716,20220716,135,3,45
SO54182,0001,10,20210120,20210130,20210204,135,3,45
SO54183,0000,28,20210124,20210126,20210205,600,1,600
SO54184,0010,37,20220218,20220226,20220303,600,5,120
SO54185,0014,13,20240702,20240710,20240712,120,1,
SO54186,0023,19,20200203,20200208,20200216,1800,3,600
SO54187,0007,49,20230312,20230316,20230324,360,3,120
SO54188,0020,63,20220801,20220804,20220811,45,1,45
SO54189,0017,8,20221209,20221210,20221215,75,5,15
SO54190,0007,9,20231219,20231222,20231224,600,1,
SO54191,0019,62,20230912,20230920,20230917,600,1,
SO54192,0008,69,20210810,20210811,20210823,1200,5,250
SO54193,0016,20,20210508,20210512,20210522,360,3,120
SO54194,0011,52,20220729,20220808,20220806,325,5,45
SO54195,0024,5,20200710,20200717,20200721,1200,2,600
SO54196,0002,64,20240927,20241004,20241012,1200,2,600
SO54197,0001,30,20210308,20210318,20210320,30,2,15
SO54198,0017,5,20210102,20210108,20210107,600,1,600
SO54199,0002,39,20201128,20201208,20201206,750,3,250
SO54200,0023,18,0,20240608,20240619,600,5,120
SO54201,0010,51,20240503,20240509,20240508,600,5,120
SO54202,0017,49,202206,20220606,20220618,750,3,250
SO54203,0022,10,20200617,20200622,20200624,40,2,45
SO54204,0009,57,20220107,20220112,20220113,15,1,15
SO54205,0013,14,20200223,20200225,20200304,45,3,15
SO54206,0000,38,20220427,20220504,20220503,3000,5,600
SO54207,0005,49,20201213,20201216,20201222,240,2,
SO54208,0013,39,20220918,20220920,20220928,90,2,45
SO54209,0014,14,20201004,20201009,20201009,240,2,120
SO54210,0014,43,20220531,20220610,20220607,240,2,120
SO54211,0005,51,20211015,20211020,20211030,1200,2,600
SO54212,0012,47,20200821,20200831,20200829,,3,600
SO54213,0023,60,20231221,20231225,20240102,30,2,15
SO54214,0015,18,20230721,20230726,20230729,,2,45
SO54215,0019,62,20230407,20230414,20230420,750,3,250
SO54216,0017,11,20200811,20200815,20200826,600,5,120
SO54217,0020,52,202403,20240327,20240401,15,1,15
SO54218,0017,29,20220701,20220707,20220712,1200,2,-600
SO54219,0015,14,20210828,20210904,20210903,45,1,45
SO54220,0016,62,20211214,20211222,20211220,500,2,250
